url,type,text
https://www.rad.cvm.gov.br/ENET/frmDownloadDocumento.aspx?Tela=ext&numSequencia=968828&numVersao=1&numProtocolo=1444116&descTipo=IPE&CodigoInstituicao=1,FATO_RELEVANTE,"O Banco do Brasil S.A. (BB) aprovou, em 10/11/2025, a distribuição de R$ 410.587.269,98 a título de remuneração aos acionistas sob a forma de Juros sobre Capital Próprio (JCP), relativo ao terceiro trimestre de 2025, conforme abaixo: 
JCP (R$) por ação 
Ações BB – ON 
R$ 0,07192713139 
Os valores serão pagos em 11/12/2025, tendo como base a posição acionária de 01/12/2025, sendo as ações negociadas “ex” a partir de 02/12/2025. 
O procedimento de pagamento será conforme segue: 
• O crédito será por conta corrente, poupança-ouro ou por caixa. Os acionistas cujos cadastros estejam desatualizados terão suas remunerações retidas até a efetiva regularização de seus registros em uma das agências do BB. A regularização cadastral poderá ser efetuada mediante a apresentação de documento de identidade, CPF e comprovante de residência, se pessoa física, ou estatuto/contrato social e prova de representação, se pessoa jurídica.  
• Aos acionistas com ações custodiadas na Central Depositária da B3, os valores serão pagos àquela entidade, que os repassará aos acionistas titulares, por meio de seus respectivos agentes de custódia. 
• No caso do JCP, haverá retenção de imposto de renda na fonte sobre o valor nominal de acordo com a legislação vigente. Os acionistas dispensados da referida tributação deverão comprovar esta condição até 03/12/2025 em uma das agências do BB. 
Estamos à disposição para maiores esclarecimentos no website www.bb.com.br/ri, no Serviço de Atendimento ao Acionista da Central de Atendimento BB – telefone 4004 0001 (Capitais e Regiões Metropolitanas) ou 0800 729 0001 (Demais localidades) ou nas agências do Banco do Brasil."
https://www.rad.cvm.gov.br/ENET/frmDownloadDocumento.aspx?Tela=ext&numSequencia=940253&numVersao=1&numProtocolo=1415541&descTipo=IPE&CodigoInstituicao=1,FATO_RELEVANTE,"Em conformidade com o § 4º do art. 157 da Lei nº 6.404, de 15 de dezembro de 1976, com a Resolução CVM nº 44, de 23 de agosto de 2021 e em complemento aos Fatos Relevantes divulgados em 19 de fevereiro de 2025 e 14 de agosto de 2025, o Banco do Brasil comunica que, em virtude da necessidade de convergência para o payout de 30% aprovado pela Administração em 13 de agosto de 2025, a remuneração dos acionistas referente ao terceiro trimestre de 2025 será paga integralmente em 11/12/2025, ou seja, não haverá pagamento antecipado referente ao período. 
Fatos adicionais julgados relevantes serão prontamente divulgados ao mercado. "
https://www.rad.cvm.gov.br/ENET/frmDownloadDocumento.aspx?Tela=ext&numSequencia=927686&numVersao=1&numProtocolo=1402974&descTipo=IPE&CodigoInstituicao=1,FATO_RELEVANTE,"Em conformidade com o §4º do art. 157 da Lei nº 6.404, de 15 de dezembro de 1976, e com a Resolução CVM nº 44, de 23 de agosto de 2021, o Banco do Brasil S.A. (BB), informa que, nos termos do disposto no art. 30, inciso I, alínea “b” do seu Estatuto Social, o Sr. Gilson Alceu Bittencourt foi indicado para ocupar o cargo de Vice-Presidente de Agronegócios e Agricultura Familiar, em substituição ao Sr. Luiz Gustavo Braz Lage, que continuará exercendo suas funções regularmente até a investidura do indicado. 
2. Gilson Bittencourt é agrônomo formado pela Universidade Federal do Paraná (UFPR), especialista em Análise de Políticas Públicas pela Universidade do Texas/EUA, e Mestre em Desenvolvimento Econômico pela Universidade Estadual de Campinas (Unicamp). Atualmente é Subsecretário de Política Agrícola e Negócios Agroambientais do Ministério da Fazenda, e membro do Conselho de Administração da Empresa Brasileira de Pesquisa Agropecuária (Embrapa), e do Conselho de Administração da Livelo. Foi Secretário de Agricultura Familiar no Ministério do Desenvolvimento Agrário, Secretário Adjunto de Política Econômica do Ministério da Fazenda, Secretário de Planejamento e Investimentos Estratégico do Ministério do Planejamento e Secretário Adjunto da Secretaria-Executiva da Casa Civil da Presidência da República. Trabalhou no Departamento de Estudos Sócio-Econômicos Rurais (DESER) com Política Agrícola e foi professor e consultor em crédito rural para Instituições Financeiras. Foi membro do Comitê de Auditoria da BrasilPrev, da BB Seguridade e da Embrapa, além de membro do Conselho Fiscal da BrasilCap e da Caixa Econômica Federal.  
3. O processo de elegibilidade encontra-se em trâmite nas instâncias competentes de governança para posterior eleição pelo Conselho de Administração. 
4.  Fatos adicionais considerados importantes serão prontamente divulgados ao mercado."
https://www.rad.cvm.gov.br/ENET/frmDownloadDocumento.aspx?Tela=ext&numSequencia=972620&numVersao=1&numProtocolo=1447908&descTipo=IPE&CodigoInstituicao=1,ATA_REUNIAO,"Em onze de novembro de dois mil e vinte e cinco, às nove horas e dez minutos, realizou-se reunião ordinária do Conselho de Administração do Banco do Brasil S.A. (CNPJ: 00.000.000/0001-91; NIRE: 5330000063-8), no Setor de Autarquias Norte, Quadra 5, Lote B, Torre Sul, 15º andar, Asa Norte - Brasília (DF), CEP 70040-912, sob a presidência por videoconferência da Sra. Anelize Lenzi Ruas de Almeida, com participação presencial dos Conselheiros Fabio Franco Barbosa Fernandes, Fernando Florêncio Campos, Marcio Luiz de Albuquerque Oliveira e Selma Cristina Alves Siqueira, e, por videoconferência, Elisa Vieira Leonel, Tarciana Paula Gomes Medeiros e Valmir Pedro Rossi. 
Também estiveram presentes, como assessores do Conselho, o Sr. Alexandre Bocchetti Nunes, Diretor Jurídico, e o Sr. Iram Alves de Souza, Auditor Geral, nos termos do art. 18 de seu Regimento Interno. 
Dando prosseguimento, o Conselho de Administração (CA):  
• MANIFESTAÇÃO DA DIRETORIA DE CONTADORIA (COGER) – tomou conhecimento da manifestação da Coger acerca das Demonstrações Contábeis do 3T25, apresentada pelo Diretor de Contadoria, com a participação do Vice-Presidente de Gestão Financeira e Relações com Investidores. 
• PARECER DO COMITÊ DE AUDITORIA (COAUD) – tomou conhecimento do parecer do Coaud acerca das Demonstrações Contábeis 3T25, apresentado pelo Coordenador do Comitê. 
• RELATÓRIOS DA ADMINISTRAÇÃO 3T25 (BACEN/COSIF E IFRS) – aprovou os Relatórios da Administração nos padrões Bacen/Cosif e IFRS referentes ao 3T25. 
• DEMONSTRAÇÕES CONTÁBEIS 3T25 – aprovou as Demonstrações Contábeis Individuais e Consolidadas no padrão Bacen/Cosif e as Demonstrações Contábeis Intermediárias Consolidadas Condensadas no padrão IFRS, referentes ao 3T25. 
Foi registrada a ausência da Conselheira Elisa Vieria Leonel a partir desse momento da reunião.  
• DECLARAÇÃO DE APETITE E TOLERÂNCIA A RISCOS (RAS) – aprovou a revisão ordinária da RAS, ano-base 2026. 
• PLANO DE RECUPERAÇÃO E SAÍDA ORGANIZADA 2025 (PRSO) – aprovou i) a Autoavaliação da Capacidade de Recuperação e da Resolubilidade e o Plano de Ação para Eliminação ou Mitigação das Barreiras e Riscos à Recuperação e à Resolução,  itens complementares do Plano de Recuperação e Saída Organizada 2025, e seu encaminhamento ao Banco Central do Brasil; ii) a descrição sucinta dos itens aprovados anteriormente, a ser divulgada no site do BB; em atendimento às Resoluções BCB nº 440/24 e CMN nº 5187/24. 
• AMERICAN DEPOSITARY RECEIPT (ADR) – aprovou nova reserva de ADRs destinados a lastrear o Programa de ADRs do Banco do Brasil S.A. no mercado de balcão organizado nos Estados Unidos, por meio do registro do Formulário F-6 junto à U.S. Securities and Exchange Commission. 
• SUMÁRIO DE ATIVIDADES DA AUDITORIA INTERNA – tomou conhecimento do Sumário Executivo de Atividades da Auditoria Interna referente a out/2025, elaborado pela Auditoria Interna. 
• PAINEL DE RISCOS – tomou conhecimento do Painel de Riscos referente a out/25 e das projeções para o próximo biênio, elaborado pela Vice-Presidência de Controles Internos e Gestão de Riscos. 
Foi deliberado o seguinte item extrapauta: 
• ELEIÇÃO DE MEMBRO DO COMITÊ DE PESSOAS, ELEGIBILIDADE, SUCESSÃO E REMUNERAÇÃO (COREM) - elegeu, como membro escolhido pelos integrantes do Conselho de Administração indicados pela União, para o mandato 2025/2027, nos termos do art. 3°, §1°, II, do Regimento Interno do Corem, tendo em vista o vencimento do mandato do Sr. Egídio Otmar Ames em 19.09.2025, o Sr. José Caetano de Andrade Minchillo, a seguir qualificado, em consonância com o art. 21, XVI, do Estatuto Social, e de acordo com o parecer Corem nº 2025/2180, de 05.11.2025, 
esclarecido que o eleito atende às exigências legais e estatutárias e será investido no cargo nesta data. 
José Caetano de Andrade Minchillo, brasileiro, nascido em 22.11.1966, administrador, casado sob o regime de comunhão de bens, inscrito no CPF/MF sob o nº 574.907.166-91, portador da Carteira de Identidade nº MG 2638961, expedida em 01.09.2004 pelo Instituto de Identificação do Estado de Minas Gerais. Endereço: SAUN, Quadra 5, Lote B, Edifício Banco do Brasil, Torre Norte, 16° andar, CEP 70040912 – Brasília (DF). 
Ato contínuo, o Sr. José Caetano de Andrade Minchillo foi escolhido pelo Conselho de Administração como Coordenador Corem, em consonância com o disposto no art. 9º, caput, de seu Regimento Interno. 
Nada mais havendo a tratar, a Sra. Presidente deu por encerrada a reunião às quatorze horas e doze minutos, da qual eu, Rodrigo Nunes Gurgel, Secretário, mandei lavrar esta ata que, lida e achada conforme, vai assinada por mim e pelos Conselheiros. 
Ass.) Anelize Lenzi Ruas de Almeida, Elisa Vieira Leonel, Fabio Franco Barbosa Fernandes, Fernando Florêncio Campos, Marcio Luiz de Albuquerque Oliveira, Selma Cristina Alves Siqueira, Tarciana Paula Gomes Medeiros e Valmir Pedro Rossi."
https://www.rad.cvm.gov.br/ENET/frmDownloadDocumento.aspx?Tela=ext&numSequencia=950313&numVersao=1&numProtocolo=1425601&descTipo=IPE&CodigoInstituicao=1,ATA_REUNIAO,"Em vinte e um de agosto de dois mil e vinte e cinco, às dez horas, realizou-se reunião extraordinária não presencial do Comitê de Pessoas, Elegibilidade, Sucessão e Remuneração (Corem) do Banco do Brasil S.A. (CNPJ: 00.000.000/0001-91), secretariada no Setor de Autarquias Norte, Quadra 5, Lote B, Torre Norte, 16º andar, Asa Norte, CEP 70040-912 - Brasília (DF), sob a coordenação do Sr. Egidio Otmar Ames, e com participação dos Sr(a)s. Daniele Russo Barbosa Feijó, Fábio Franco Barbosa Fernandes, Marcelo Gasparino da Silva e Rachel de Oliveira Maia. 
2.  O Sr. Coordenador registrou que, conforme convocação, a ordem do dia se limitaria à apreciação da indicação adiante relacionada: 
a) Fernando Florêncio Campos para o Comitê de Riscos e de Capital (Coris) do Banco do Brasil S/A., mandato 2025-2027 (2 anos), na qualidade de membro escolhido pelos Conselheiros de Administração eleitos pelos acionistas minoritários (art. 3°, §1°, II, do Regimento Interno do Coris). 
3.         O Coordenador esclareceu que: 
a) compete ao Corem, entre outras atribuições, verificar a conformidade do processo de indicação e opinar, de modo a auxiliar os acionistas na indicação de administradores e de Conselheiros Fiscais, e o Conselho de Administração na eleição de diretores e de membros de comitês de assessoramento ao referido Conselho sobre o preenchimento dos requisitos e a ausência de vedações para as respectivas eleições, nos termos do disposto no Estatuto Social, art. 34, §6º, IV e V, no art. 10 da Lei 13.303/2016, e no art. 21-I do Decreto 8.945/2016, com a redação do Decreto 11.048/2022; 
b) os documentos do indicado foram disponibilizados no Portal de Governança, na forma usual. 
4. Após o exame dos documentos, o Corem identificou e concluiu que: 
a) a indicação do Sr. Fernando Florêncio Campos, está acompanhada da Ficha de Cadastro de Indicados ao Coris, dispensadas a análise prévia de compatibilidade e a aprovação prévia pela Casa Civil da Presidência da República, pois exigidas somente para cargos de administradores e conselheiros fiscais, conforme disposto no art. 22, II, do Decreto 8.945/2016, e art. 1°, caput e parágrafo único, da Resolução CGPAR n° 35/2022; 
b) o processo está em conformidade, instruído com os documentos exigidos, que suportam as informações prestadas pelo indicado por meio da ficha de cadastro, que demonstrou possuir formação acadêmica, notório conhecimento, experiência profissional, reputação ilibada, idoneidade moral e capacidade técnica compatíveis com a função para a qual foi indicado, o que evidencia a aderência ao perfil desejado para o cargo sob preenchimento, e a inexistência de impedimentos e vedações, conforme previsto no art. 45, §5°, I a IV da Resolução CMN 4.557/2017; art. 2°, VI e VIII da Resolução CMN 
4.970/2021; bem como art. 3°, §2°, do Regimento Interno do Coris e Política Específica de Indicação do Banco; 
c) com base na documentação apensa ao processo, o indicado possui comprovada experiência em gerenciamento de riscos, preenchendo o disposto no § 5º do art. 45 da Resolução CMN 4.557/2017; 
d) o Parecer Jurídico nº 6327214-001, de 12/08/2025, anexo ao processo, corrobora o entendimento de que estão demonstrados o atendimento às exigências gerais, o cumprimento dos requisitos mínimos e a ausência de impedimentos, restrições ou vedações à eleição do indicado. 
5. Analisada a indicação, o Comitê registrou as seguintes observações:  
a) os membros do Coris serão investidos em seus cargos independentemente da assinatura de termo de posse, desde a data da respectiva eleição, conforme art. 35, §3, do ESBB; 
B) o término do mandato do atual ocupante do cargo está previsto para ocorrer em 19/09/2025. 
6. Ante o exposto, com base no material de suporte disponibilizado, o Corem se manifesta, por unanimidade, favoravelmente à elegibilidade do Sr. Fernando Florêncio Campos para compor o Comitê de Riscos e de Capital do Banco do Brasil S.A., mandato 2025-2027 (2 anos), conforme Parecer Corem 2025/1633, devendo a eleição ser submetida ao Conselho de Administração para fins do disposto no art. 21, XVI, do ESBB, com a recomendação de que o indicado seja notificado, por ocasião da posse, a: 
a) caso participe de três ou mais colegiados de empresas estatais, deverá optar por receber remuneração em apenas dois destes, renunciando à remuneração dos demais (art. 35 do Decreto 8.945/2016); 
b) observar, de acordo com o caso concreto, a diretriz inscrita no art. 12 (conflito de interesses) do Regimento Interno do Coris; 
c) abster-se de fazer uso das informações obtidas na condição de membro do Coris nas atividades profissionais que continuar a desempenhar; e 
d) comunicar ao Banco eventual fato superveniente que possa afetar as condições de elegibilidade ora analisadas, as quais devem ser mantidas enquanto no efetivo exercício do cargo. 
       
Nada mais havendo a tratar, o Sr. Coordenador deu por encerrada a reunião, da qual eu, Leandro Dias Guia, Secretário, mandei lavrar esta ata que, lida e achada conforme, vai assinada por mim e pelos membros do Comitê"
https://www.rad.cvm.gov.br/ENET/frmDownloadDocumento.aspx?Tela=ext&numSequencia=942388&numVersao=1&numProtocolo=1417676&descTipo=IPE&CodigoInstituicao=1,COMUNICADO,"Senhora Nilza Maria Silva de Oliveira, Gerente 
Senhora Maria Luisa Azevedo Wernesbach, Inspetora Federal do Mercado de Capitais  
Gerência de Acompanhamento de Empresas 1 (GEA 1) 
Superintendência de Relações com Empresas (SEP) 
Comissão de Valores Mobiliários - CVM 
Assunto: Ofício nº 181/2025/CVM/SEP/GEA-1 - Solicitação de esclarecimentos - 
Processo CVM nº 19957.010096/2025-18 
Senhoras, 
O Banco do Brasil S.A. (“BB”, “Banco” ou “Companhia”), referindo-se ao Ofício nº 181/2025/CVM/SEP/GEA-1 (“Ofício 181/2025”), de 18/08/2025 – cuja íntegra está reproduzida ao final deste Comunicado ao Mercado –, vem prestar esclarecimentos sobre a notícia veiculada na mídia Valor Online, em 15/08/2025, na seção Finanças, sob o título “'Tenho um recado para o investidor: quem tem ação do BB mantenha; quem não tem, compre', diz CEO”, onde constam as seguintes afirmações: 
“A presidente do Banco do Brasil, Tarciana Medeiros, reafirmou, em entrevista coletiva sobre os resultados do segundo trimestre, que o resultado de 2025 é um ajuste, uma transição, e que 2026 será marcado por uma retomada na rentabilidade do banco. 
Questionada sobre a queda no 'payout' [porcentagem do lucro a ser distribuído na forma de dividendos] do banco e comentários feitos por pequenos acionistas nas redes sociais, ela deu uma mensagem bem clara: 'Tenho um recado para o investidor: quem tem ação do BB mantenha; quem não tem, compre'. 
O vice-presidente financeiro, Geovanne Tobias, foi na mesma linha. 'O ciclo vai passar e vamos retomar o patamar de rentabilidade que a gente tinha, então é um excelente momento de entrada [na ação do BB]', afirmou”.” 
2. Ressalta-se que foi concedido ao Banco, por meio do Ofício nº 183/2025/CVM/SEP/GEA-1, de 19 de agosto de 2025, prazo adicional de resposta, com vencimento em 27de agosto de 2025. 
3. Inicialmente, cabe salientar que o Banco divulga suas informações corporativas ao mercado de forma equitativa, verdadeira, completa e consistente, em linguagem simples e clara, com o objetivo de não induzir o investidor a erro, conforme preconizam os artigos 15 a 20 da Resolução CVM nº 80/22; o artigo 3º, parágrafo 5º, da Resolução CVM nº 44/21; e o item 4.1 do OFÍCIO CIRCULAR/ANUAL-2025-CVM/SEP. 
4. Com amparo nessas regras, o Banco realizou os seguintes eventos corporativos: 
(i) em 14/08/2025, após o fechamento do mercado, o BB arquivou, em linha com seu Calendário de Eventos Corporativos, todas as informações obrigatórias e/ou gerenciais incluindo Demonstrações Contábeis, Análise do Desempenho, Relatório da Administração, entre outras –, inicialmente junto à Comissão de Valores Mobiliários (“CVM”) e, em seguida, no portal de RI (www.bb.com.br/ri) (“site”, “portal”). Dentre essas informações, destacam-se a apresentação de resultados 2T25 e o “Videocast” disponível tanto no portal de RI quanto na Plataforma Youtube, que aborda o desempenho do Banco no trimestre e menciona explicitamente 2025 como um ano de ajuste e trata das novas Projeções Corporativas para 2025, que foram então restabelecidas, após suspensão que aconteceu na divulgação do resultado do primeiro trimestre, conforme Fato Relevante de 15/05/2025. Ressalta-se que essas projeções foram divulgadas por meio de Fato Relevante, com atualização concomitante do Formulário de Referência, ambos arquivados na mesma data; 
(ii) em 15/08/2025, antes da abertura do mercado, o BB reapresentou o arquivo da apresentação de resultados, incluindo os slides que seriam utilizados pela Presidenta na videoconferência para divulgação do resultado abrangendo diagnósticos, iniciativas e estratégias adotadas pela Companhia; 
(iii) às 9h00min do dia 15/08/2009 (horário de Brasília), também antes da abertura do mercado, deu-se início a videoconferência para divulgação do resultado, transmitida ao vivo pela plataforma Youtube e por meio de ambiente digital dedicado ao evento. A realização da videoconferência foi previamente divulgada por meio do Comunicado ao Mercado de 25/07/2025. O evento teve duração de aproximadamente duas horas e quinze minutos, durante as quais, além da fala inicial da Presidenta, Administradores da Companhia responderam, de forma abrangente, equitativa e simultânea a todo o mercado, as perguntas de analistas, abordando resultados e perspectivas da Companhia, com transparência e foco em todos os seus stakeholders. Durante a transmissão, 10.784 pessoas assistiram a apresentação. Até hoje, o evento possui quase 16 mil acessos; 
(iv) após a videoconferência, houve uma “Coletiva de Imprensa” com a participação de integrantes do Conselho Diretor e representantes dos principais veículos de imprensa, realizada em formato presencial. 
5. O BB esclarece que as declarações transcritas no Ofício 181/2025 devem ser interpretadas dentro do contexto de todo o evento de divulgação do resultado, evitando-se leituras isoladas ou simples destaques de manchetes. Todas as manifestações realizadas durante os eventos corporativos acima mencionados pautaram-se por critérios de prudência e realismo, apresentando aos stakeholders um diagnóstico profundo dos mercados em que o BB atua e as estratégias adotadas para os cenários de curto, médio e longo prazo, bem como as premissas que nortearam as novas projeções corporativas para 2025 e a revisão do payout para este exercício, conforme aprovado pelo Conselho de Administração e divulgado em Fato Relevante em 14/08/2025.  
6. No que se refere às manifestações da Presidenta do BB, destaca-se que suas declarações consideraram o cenário macroeconômico e setorial vigente, com a clara mensagem de que o ano de 2025 é um ano de ajuste para a retomada da rentabilidade, sempre com a preocupação de empregar uma abordagem analítica sobre a performance do Banco, em conformidade com os princípios de transparência, clareza e consistência. 
7. Além disso, as manifestações da Presidenta fundamentaram-se em informações previamente disponibilizadas ao mercado, refletindo a melhor expectativa da Administração quanto ao desempenho da Companhia, em alinhamento com as Projeções Corporativas divulgadas. Principalmente, procurou orientar os pequenos investidores, na própria videoconferência, a basearem suas decisões em informações fidedignas e provenientes de fontes sérias, como os analistas sell side que acompanham o BB há anos, e não em vídeos sensacionalistas em redes sociais ou notícias incompletas e descontextualizadas.  
8. Tratando, especificamente, da Coletiva de Imprensa com jornalistas especializados em mercado financeiro, destaca-se que:  
(i) foi realizada posteriormente à videoconferência do resultado; 
(ii) utilizou-se como fonte os mesmos slides previamente arquivados nessa CVM;  
(iii)  em conformidade com os deveres fiduciários previstos na Lei 6.404/1976, não foram divulgadas informações inéditas ou privilegiadas; e  
(iv)  manteve-se o compromisso com a equidade e a transparência na comunicação com os diversos públicos de interesse, observando integralmente os princípios regulatórios aplicáveis. 
9. O Conselho Diretor respondeu a diversas indagações dos jornalistas sobre os temas debatidos na videoconferência de resultados, além de outros assuntos gerais relativos ao BB e ao mercado financeiro.  
10. Em relação ao desempenho do Banco do Brasil, o Vice-Presidente de Gestão Financeira e de Relações com Investidores reforçou os principais pontos que já haviam sido ditos na videoconferência – com base nas informações previamente divulgadas e considerando os múltiplos da Companhia, apresentados pelo BB nas suas séries históricas e acompanhados pelo mercado – e esclareceu que, para quem acredita no Banco, uma instituição bicentenária, conhece sua solidez e histórico de bom pagador de dividendos, o preço atual das ações da Companhia não condiz com sua capacidade de geração histórica de resultados. 
11. Adicionalmente, a Presidenta reiterou a existência de uma situação conjuntural, que culminou na revisão das projeções corporativas para o ano de 2025 e impactou o preço das ações da Companhia. Todavia enfatizou a consistente distribuição de proventos entre os exercícios de 2023 até o primeiro semestre de 2025, de modo que o investimento no Banco não poderia considerar apenas o cenário de curto prazo, mas, sim, as projeções corporativas apresentadas e o histórico de geração de valor aos acionistas. 
12. Portanto, os Administradores do Banco, agindo com transparência e no melhor interesse da Companhia – atentos aos seus deveres fiduciários previstos na Lei 6.404/76 e às disposições regulatórias aplicáveis, como as Resoluções CVM 80/2022 e 44/2021 –, demonstraram com suas falas que o Banco, a despeito da redução de rentabilidade apresentada no ano de 2025, vem implementando medidas estratégicas, táticas e operacionais, com vistas à retomada da rentabilidade e à geração de valor sustentável aos seus acionistas, sem a intenção de influenciar a decisão de investimento ou desinvestimento por parte do mercado ou a cotação das ações.  
Brasília (DF), 27 de agosto de 2025. 
Marco Geovanne Tobias da Silva 
Vice-Presidente de Gestão Financeira e de Relações com Investidores 

Ofício nº 181/2025/CVM/SEP/GEA-1
Ao Senhor 
Marco Geovanne Tobias da Silva 
Diretor de Relações com Investidores de BANCO DO BRASIL S.A. 
Saun Quadra 05, Lote B, torre sul, 15º andar, Ed. BB, Asa Norte  
Brasília - DF 
CEP: 70040-912  
E-mail: dribb@bb.com.br  
c/c: emissores@b3.com.br 
Assunto: Solicitação de esclarecimentos - Processo CVM nº 19957. 010096/2025-18 
Senhor Diretor, 
1. Reportamo-nos à notícia veiculada na mídia Valor Online em 15.08.2025, seção Finanças, sob o título “'Tenho um recado para o investidor: quem tem ação do BB mantenha; quem não tem, compre', diz CEO”, da qual constam, entre outras, as seguintes informações, atribuídas à Sra. Tarciana do Amaral, Diretora-Presidente da companhia, e a V.Sa., Vice-presidente de Gestão Financeira e de Relações com Investidores do emissor: 
A presidente do Banco do Brasil, Tarciana Medeiros, reafirmou, em entrevista coletiva sobre os resultados do segundo trimestre, que o resultado de 2025 é um ajuste, uma transição, e que 2026 será marcado por uma retomada na rentabilidade do banco. 
Questionada sobre a queda no 'payout' [porcentagem do lucro a ser distribuído na forma de dividendos] do banco e comentários feitos por pequenos acionistas nas redes sociais, ela deu uma mensagem bem clara: 'Tenho um recado para o investidor: quem tem ação do BB mantenha; quem não tem, compre'. 
O vice-presidente financeiro, Geovanne Tobias, foi na mesma linha. 'O ciclo vai passar e vamos retomar o patamar de rentabilidade que a gente tinha, então é um excelente momento de entrada [na ação do BB]', afirmou”. 
2. A propósito, determinamos esclarecer se declarações ora transcritas foram, de fato, efetuadas pelos referidos administradores e, em caso afirmativo, solicitamos manifestação da companhia acerca de seu caráter essencialmente positivo, principalmente quando advindas da Diretora-Presidente e DRI de uma companhia aberta, as quais podem ter o condão de influenciar a decisão de investimento ou desinvestimento por parte do mercado, influenciando, dessa forma, a cotação dos valores mobiliários do emissor, observado o disposto no artigo 3º, parágrafo 5º, da Resolução CVM nº 44/21, e nos artigos 15 a 20 da Resolução CVM nº 80/22. 
3. Tais esclarecimentos e/ou manifestação deverão ocorrer por meio do Sistema Empresa.NET, categoria: Comunicado ao Mercado, tipo: Esclarecimentos sobre questionamentos da CVM/B3, assunto: Notícia Divulgada na Mídia, a qual deverá incluir a transcrição deste ofício. 
4. Lembramos, nesse sentido, conforme orientação contida no item 4.1 do OFÍCIO CIRCULAR/ANUAL-2025-CVM/SEP, que as informações, objeto de divulgação, deverão estar expressas em linguagem clara e objetiva, devendo ser verdadeiras, completas, consistentes e que não induzam o investidor a erro. 
5. Assim sendo, tais declarações, caso tenham sido proferidas, devem ser evitadas, tendo em vista que a atuação dos Administradores de companhias abertas, no exercício dos deveres fiduciários previstos na legislação societária, deve buscar, de forma diligente, eliminar ou mitigar o risco de questionamentos quanto à neutralidade da informação produzida. 
6. Alertamos que, de ordem da Superintendência de Relações com Empresas, no uso de suas atribuições legais e, com fundamento no inciso II, do art. 9º, da Lei nº 6.385/76, e na Resolução CVM nº 47/21, caberá a determinação de aplicação de multa cominatória, no valor de R$ 1.000,00 (mil reais), sem prejuízo de outras sanções administrativas, pelo não cumprimento da exigência contida neste ofício, enviado exclusivamente por e-mail, até 19.08.2025. 
Atenciosamente, 
Documento assinado eletronicamente por Maria Luisa Azevedo Wernesbach, Inspetor Federal do Mercado de Capitais, em 18/08/2025, às 11:59, com fundamento no art. 6º do Decreto nº 8.539, de 8 de outubro de 2015. 
Documento assinado eletronicamente por Nilza Maria Silva de Oliveira, Gerente, em 18/08/2025, às 12:02, com fundamento no art. 6º do Decreto nº 8.539, de 8 de outubro de 2015."
https://www.rad.cvm.gov.br/ENET/frmDownloadDocumento.aspx?Tela=ext&numSequencia=969890&numVersao=1&numProtocolo=1445178&descTipo=IPE&CodigoInstituicao=1,FATO_RELEVANTE,"Vale atualiza sobre Reivindicação do Reino Unido.
Rio de Janeiro, 14 de novembro de 2025 – Em continuidade às comunicações anteriores1, a Vale S.A. (“Vale” ou “Companhia”) confirma que a Alta Corte da Inglaterra considerou a BHP Group Ltd. e a BHP Group UK Ltd. (conjuntamente, “BHP”) responsáveis, sob a legislação brasileira, pelo rompimento da barragem de Fundão, operada pela Samarco Mineração S.A. (“Samarco”), em 2015. A decisão também confirmou a validade das renúncias e termos de quitação assinados por reclamantes já indenizados no Brasil, o que reduzirá o número de reclamantes e o valor das demandas. 
Em julho de 2024, Vale e BHP firmaram um acordo confidencial pelo qual a responsabilidade será compartilhada igualmente por qualquer valor que a BHP (no processo inglês) ou a Vale (no processo holandês) 2 seja condenada a pagar.  
Vale e BHP permanecem confiantes de que o Acordo Definitivo, assinado em outubro de 2024 no Brasil, oferece os mecanismos mais rápidos e eficazes para compensar os impactados. 
Próximos passos na Reivindicação do Reino Unido 
Sujeito ao resultado de eventual recurso da BHP contra a decisão da primeira fase, um segundo julgamento, para determinar se a BHP causou os prejuízos alegados e questões genéricas relacionadas ao valor desses prejuízos, está atualmente previsto para começar em outubro de 2026 e seguir até o segundo trimestre de 2027. Após decisões e recursos dessa fase, o valor das perdas sofridas e eventuais indenizações devidas a cada reclamante poderá ser objeto de um terceiro julgamento oportunamente. 
O Acordo Definitivo com o Poder Público e o avanço da reparação no Brasil  
Em outubro de 2024, a Samarco, BHP Billiton Brasil Ltda3 e Vale celebraram um acordo abrangente de US$ 32 bilhões (R$ 170 bilhões) com autoridades brasileiras para a quitação integral das principais ações no Brasil relacionadas ao rompimento da barragem. O Acordo Definitivo prevê ampla reparação dos impactos ambientais e sociais, incluindo saneamento básico, fortalecimento do sistema público de saúde, recuperação econômica, melhoria da infraestrutura local, compensação por danos coletivos a comunidades indígenas e tradicionais e municípios, além de 
apoio à renda das populações mais vulneráveis nas regiões afetadas. 
Desde 2015, Samarco, BHP Brasil e Vale destinaram US$ 13 bilhões para ações de reparação e compensação a indivíduos afetados e autoridades brasileiras. Desse montante, mais de US$ 6 bilhões foram pagos em indenizações e auxílios financeiros para ao menos 610 mil pessoas, incluindo aproximadamente 240 mil requerentes no Reino Unido que concederam quitação de reivindicações relacionadas. A recuperação ambiental das áreas impactadas está substancialmente avançada, e a reconstrução das comunidades de Novo Bento Rodrigues e Paracatu atingiu 98% de conclusão. 
Provisões e desembolsos futuros da reparação do rompimento da barragem de Fundão 
Considerando o exposto, a Companhia estima uma provisão adicional de aproximadamente US$ 500 milhões em suas demonstrações financeiras de 31 de dezembro de 2025 para obrigações decorrentes do rompimento da barragem de Fundão. Em 30 de setembro de 2025, a Vale já havia reconhecido uma provisão de US$ 2,401 bilhões para obrigações sob o Acordo Definitivo no Brasil. Os desembolsos futuros relacionados ao Acordo Definitivo permanecem alinhados aos valores divulgados no release de resultados do 3º trimestre de 2025.  
Marcelo Feriozzi Bacci 
Vice-Presidente Executivo de Finanças e Relações com Investidores "
https://www.rad.cvm.gov.br/ENET/frmDownloadDocumento.aspx?Tela=ext&numSequencia=972026&numVersao=1&numProtocolo=1447314&descTipo=IPE&CodigoInstituicao=1,FATO_RELEVANTE,"Vale precifica US$750 milhões em títulos subordinados com data fixa para reajuste, com vencimento em 2056.
Rio de Janeiro, 19 de novembro de 2025 - Em atenção à nota de imprensa publicada sobre o tema1, e em continuidade ao Comunicado ao Mercado divulgado em 17 de novembro de 20252 pela Vale S.A. (“Vale” ou “Companhia”), a Vale informa que sua subsidiária integral Vale Overseas Limited (“Vale Overseas”) precificou, em 18 de novembro de 2025, a oferta de títulos subordinados com data fixa para reajuste (subordinated dated fixed to reset notes) de US$750.000.000,00 de valor de principal agregado com vencimento em 2056, garantidas pela Vale (“Notes”), com um rendimento (yield) de 6,125% até a primeira data de resgate (first call date) e preço de emissão de 99,488% do principal. As Notes têm vencimento em 25 de fevereiro de 2056 e renderão juros com pagamento semestral à taxa inicial de 6,000% ao ano, sujeito ao direito da Vale Overseas diferir o pagamento dos juros. A taxa de juros será reajustada a cada cinco anos, a partir de 25 de fevereiro de 2031. 
As Notes constituirão obrigações subordinadas e sem garantia real (unsecured) da Vale Overseas e serão plena e incondicionalmente garantidas pela Vale, de forma não garantida (unsecured) e subordinada. As Notes e a garantia relacionada terão prioridade de pagamento inferior em relação a todas as obrigações financeiras ou não financeiras existentes e futuras da Vale Overseas e da Vale (incluindo as debêntures participativas da sexta emissão, “Debêntures Participativas”), sejam elas com ou sem garantia real (secured) ou obrigações subordinadas, exceto obrigações paritárias que tenham o mesmo grau de prioridade de pagamento (incluindo as Notes e a garantia) e por capital subordinado júnior (junior subordinated capital).  
A Vale pretende utilizar os recursos líquidos da emissão para finalidades corporativas gerais, incluindo, mas não se limitando, à recomposição parcial de caixa após o pagamento do preço de aquisição das Debêntures Participativas adquiridas no âmbito da oferta de aquisição facultativa, liquidada pela Companhia em 5 de novembro de 2025.  
Este fato relevante é fornecido exclusivamente para fins informativos, nos termos da legislação aplicável, e não deve, em hipótese alguma, ser interpretado ou considerado como uma oferta de venda ou uma solicitação de oferta de compra das Notes, da garantia ou qualquer outro título, nem deverá constituir uma oferta, solicitação de compra ou venda desses títulos em qualquer jurisdição na qual, ou a qualquer pessoa a quem, tal oferta, solicitação de compra ou venda seja ilegal antes do registro ou qualificação de acordo com as leis de valores mobiliários de tal jurisdição. Quaisquer ofertas de venda das Notes ou da garantia correspondente serão feitas apenas por meio de um prospecto de venda privado.  
As Notes e a garantia relacionada foram oferecidas e serão vendidas exclusivamente para pessoas que sejam (i) investidores institucionais qualificados, conforme previsto no artigo 144A do U.S. Securities Act de 1933, conforme alterado (“Securities Act”), ou (ii) não-residentes nos Estados Unidos da América (non-U.S. persons), conforme previsto na Regulation S do Securities Act, fora dos Estados Unidos da América. Quando emitidas, as Notes e a garantia correspondente não terão sido e não serão registradas nos termos do Securities Act ou leis estaduais de valores mobiliários e não poderão ser oferecidas ou vendidas nos Estados Unidos sem registro ou sem que se aplique uma isenção aos requisitos de registro do Securities Act e das leis estaduais de valores mobiliários aplicáveis. As Notes e a garantia correspondente não serão registradas na Comissão de Valores Mobiliários (CVM) e não poderão ser oferecidas ou vendidas no Brasil, exceto em circunstâncias que não constituam uma oferta pública ou distribuição não autorizada de acordo com as leis e regulamentos brasileiros. 
Marcelo Feriozzi Bacci 
Vice-Presidente Executivo de Finanças e Relações com Investidores"
https://www.rad.cvm.gov.br/ENET/frmDownloadDocumento.aspx?Tela=ext&numSequencia=930978&numVersao=1&numProtocolo=1406266&descTipo=IPE&CodigoInstituicao=1,FATO_RELEVANTE,"Vale aprova o uso de instrumentos financeiros em apoio ao Programa de Recompra de Ações.
Rio de Janeiro, 31 de julho de 2025 – Em apoio à estratégia de execução do Programa de Recompra de até 120 milhões de ações ordinárias1 da Vale S.A.2 (“Vale” ou “Companhia”), atualmente em vigor, o Conselho de Administração da Vale autorizou, nesta data, o uso de um ou mais dos seguintes instrumentos financeiros relacionados a negociações de valores mobiliários da Vale: contratos de Total Return Equity Swap (TSR), Enhanced Share Repurchase (ESR) e Accelerated Share Repurchase (ASR). 
Os referidos instrumentos financeiros poderão ser celebrados até um volume máximo de ações de emissão da Companhia que, somado ao volume de ações recompradas diretamente, respeite o volume total estabelecido para o Programa de Recompra de Ações em vigor. Informações adicionais estão disponíveis no anexo desta comunicação, elaborado nos termos da Resolução CVM nº 80/2022, Anexo G.   
Essa iniciativa traz opcionalidades à execução do Programa de Recompra de Ações em andamento e reitera a confiança contínua da administração nas perspectivas de negócios da Vale, enquanto evidencia o compromisso da administração com a alocação de capital disciplinada e com a criação e o compartilhamento de valor com os acionistas da Companhia. 
Marcelo Feriozzi Bacci 
Vice-Presidente Executivo de Finanças e Relações com Investidores "
https://www.rad.cvm.gov.br/ENET/frmDownloadDocumento.aspx?Tela=ext&numSequencia=879849&numVersao=1&numProtocolo=1355123&descTipo=IPE&CodigoInstituicao=1,FATO_RELEVANTE,"Vale estabelece joint-venture em Aliança Energia.
Rio de Janeiro, 31 de março de 2025 - A Vale S.A. (“Vale” ou a “Companhia”) informa que celebrou um acordo com a Global Infrastructure Partners (“GIP”) para estabelecer uma joint venture na Aliança Geração de Energia S.A. (“Aliança Energia”), uma empresa privada que atua no mercado brasileiro de energia. Uma vez concluída a transação, a Vale receberá aproximadamente US$ 1 bilhão1 em dinheiro e deterá uma participação de 30% na joint venture, enquanto a GIP terá os 70% restantes.
A transação garante volume estratégico de geração de energia para manter a matriz elétrica da Vale, que é 100% baseada em fontes renováveis no Brasil. Com a transação, a Vale garante custos de energia competitivos, com preços definidos em dólares americanos sem ajuste de inflação.  
Na conclusão da transação, a Aliança Energia passará a consolidar os ativos de energia do parque solar Sol do Cerrado e a integralidade do Consórcio Candonga (Usina Hidrelétrica Risoleta Neves), ambos em Minas Gerais, além de outras seis usinas hidrelétricas no mesmo estado e três parques eólicos nos estados do Rio Grande do Norte e do Ceará. Juntos, esses ativos alcançam 2.189 MW em capacidade instalada e 1.003 MW médios de garantia física. 
“Estamos entusiasmados em formar esta parceria estratégica com a GIP, permitindo-nos acelerar o plano de descarbonização da Vale de uma forma mais eficiente em termos de capital. Esta plataforma recém-formada nos fornecerá soluções renováveis competitivas à medida que entregamos um futuro com uma pegada de carbono menor”, disse Gustavo Pimenta, CEO da Vale.  
A Vale esclarece que a transação está sujeita às condições precedentes usuais, incluindo a anuência ou a aprovação de órgãos regulatórios competentes. A Vale reitera que manterá o mercado informado tempestivamente sobre qualquer fato relevante no contexto da referida transação. 
Sobre o GIP 
O GIP é um dos maiores gestores globais de fundos de infraestrutura, com um portfólio de ativos de cerca de US$ 170 bilhões, incluindo diversas joint-ventures com destacados grupos do setor de energia mundial. No Brasil, por meio da propriedade do grupo latino-americano Atlas Renewable Energy, o GIP controla uma plataforma de geração com aproximadamente 983 MW de capacidade instalada na Bahia, Ceará e Minas Gerais. O GIP segue uma rigorosa abordagem ESG e, desde 2024, é controlada pela Blackrock, um dos maiores investidores institucionais do mundo. 
Marcelo Feriozzi Bacci 
Vice-Presidente Executivo de Finanças e Relações com Investidores"
https://www.rad.cvm.gov.br/ENET/frmDownloadDocumento.aspx?Tela=ext&numSequencia=863114&numVersao=1&numProtocolo=1338388&descTipo=IPE&CodigoInstituicao=1,FATO_RELEVANTE,"Vale informa sobre atualização de projeções.
Rio de Janeiro, 24 de fevereiro de 2025 – A Vale S.A. (“Vale” ou “Companhia) informa que atualizou as estimativas referentes a sensibilidade de fluxo de caixa da Companhia, a ser apresentada na Conferência BMO Global Metals, Mining & Critical Minerals, em Miami, na data de hoje. 
Fluxo de Caixa Livre: 
Sensibilidade do Fluxo de Caixa Livre para o acionista (“FCFE”) da Vale em 2025, em termos reais, de US$ 3,85,0 bilhões, representando um FCFE yield de 9-12%, com base nas seguintes premissas: (a) Consenso de EBITDA Proforma de 2025 de analistas sell side de US$ 15,5 bilhões; (b) Capex de ~US$ 5,9 bilhões; (c) US$ 1,9-2,4 bilhões em juros e impostos; (d) ~US$ 0,9 bilhões em despesas incorridas relacionadas a Brumadinho e descaracterização de barragens; (e) US$ 0,8-1,0 bilhão de Associadas e JVs; e (f) US$ 1,0-1,5 bilhões para Outros desembolsos, como pagamentos de juros sobre debêntures participativas, desembolsos relacionados a contratos de concessão ferroviária e transações de streaming. 
Sensibilidade da geração de FCFE acumulado da Vale nos próximos 3 anos (2025-27), em termos reais, de US$ 13-15,0 bilhões, representando FCFE yield acumulado de 30-35%, com base: (a) no ganho anualizado esperado de EBITDA em 2027 de ~US$ 5 bilhões, proveniente da redução nos custos C1 (aproximadamente US$ 0,6 bilhões, em linha com guidance de anteriormente fornecido pela Vale para C1/t), melhorias no custo all-in (~US$ 1,3 bilhão), um adicional de 30 Mt de volumes de minério de ferro (~US$ 1,1 bilhão) e aumento nas margens e volumes da Vale Base Metals (VBM) de US$ 1,5-2,0 bilhões, em linha com os guidances de custo C1/t em minério de ferro, custos all-in/t e produção anteriormente fornecidos pela Vale; (b) premissa de preço de minério de ferro, conforme consenso de analistas de mercado, de U$99/t (2025), US$91/t (2026) e US$ 89/t (2027). 
Os FCFE yields foram calculados com base no market cap de fechamento do dia 21 de fevereiro de 2025.
Todas as demais estimativas indicadas pela Vale no fato relevante de 19 de fevereiro de 20251, e no item 3 de seu Formulário de Referência seguem inalteradas. O referido item do Formulário de Referência da Companhia será reapresentado com a atualização acima em momento oportuno, conforme prazo previsto na Resolução CVM nº 80/2022. 
A Vale esclarece que as informações divulgadas neste documento representam apenas uma estimativa, dados hipotéticos que não constituem, de forma alguma, uma promessa de desempenho por parte da Vale e/ou de sua administração. As projeções apresentadas envolvem fatores de mercado alheios ao controle da Vale e, dessa forma, podem sofrer novas alterações. 
Marcelo Feriozzi Bacci 
Vice-Presidente Executivo de Finanças e Relações com Investidores"
https://www.rad.cvm.gov.br/ENET/frmDownloadDocumento.aspx?Tela=ext&numSequencia=859705&numVersao=1&numProtocolo=1334979&descTipo=IPE&CodigoInstituicao=1,FATO_RELEVANTE,"Vale esclarece sobre alienação de participação na Aliança Energia.
Rio de Janeiro, 14 de fevereiro de 2025 – Em atenção ao artigo de imprensa publicado1 sobre a alienação de participação na Aliança Geração de Energia S.A. (“Aliança Energia”), a Vale S.A. (“Vale” ou “Companhia) esclarece que está avaliando potencial alienação de 70% de participação na Aliança Energia, incluindo os ativos de energia Sol do Cerrado e Consórcio Candonga, presentes no portfólio da Companhia, para a Global Infrastructure Partners (""GIP""). A Vale informa que não há qualquer instrumento vinculante firmado quanto à alienação e que qualquer decisão nesse sentido será tomada em conformidade com as políticas e regras de governança da Companhia. A Vale reitera que seguirá mantendo o mercado informado tempestivamente sobre qualquer fato relevante a respeito de seus negócios. 
Marcelo Feriozzi Bacci 
Vice-Presidente Executivo de Finanças e Relações com Investidores "
https://www.rad.cvm.gov.br/ENET/frmDownloadDocumento.aspx?Tela=ext&numSequencia=966124&numVersao=1&numProtocolo=1441412&descTipo=IPE&CodigoInstituicao=1,FATO_RELEVANTE,"Petrobras informa sobre remuneração aos acionistas.
Rio de Janeiro, 06 de novembro de 2025 – A Petróleo Brasileiro S.A. – Petrobras, nos termos da Resolução CVM nº 44/21, informa que seu Conselho de Administração (CA), em reunião realizada hoje, aprovou o pagamento de dividendos intercalares no valor de R$ 12,16 bilhões, equivalente a R$ 0,94320755 por ação ordinária e preferencial em circulação, como antecipação da remuneração aos acionistas relativa ao exercício de 2025, declarada com base no balanço de 30 de setembro de 2025. 
O pagamento proposto está alinhado à Política de Remuneração aos Acionistas (Política) vigente, que prevê que, em caso de endividamento bruto igual ou inferior ao nível máximo de endividamento definido no plano de negócios em vigor (atualmente US$ 75 bilhões), e observadas as demais condições da Política, a Petrobras deverá distribuir aos seus acionistas 45% do fluxo de caixa livre. Esta distribuição não compromete a sustentabilidade financeira da companhia. 
Os proventos serão pagos em duas parcelas nos meses de fevereiro e março de 2026, da seguinte forma: 
Valor a ser pago: R$ 0,94320755 por ação ordinária e preferencial em circulação, sendo que: 
(i) a primeira parcela, no valor de R$ 0,47160378 por ação ordinária e preferencial em circulação, será paga em 20 de fevereiro de 2026. 
(ii) a segunda parcela, no valor de R$ 0,47160377 por ação ordinária e preferencial em circulação, será paga em 20 de março de 2026.  
Data de corte: dia 22 de dezembro de 2025 para os detentores de ações de emissão da Petrobras negociadas na B3 e record date em 26 de dezembro de 2025 para os detentores de ADRs negociados na New York Stock Exchange (NYSE). As ações da Petrobras serão negociadas ex-direitos na B3 a partir de 23 de dezembro de 2025. 
Data de pagamento: para os detentores de ações de emissão da Petrobras negociadas na B3, o pagamento da primeira parcela será realizado no dia 20 de fevereiro de 2026 e o da segunda parcela no dia 20 de março de 2026. Os detentores de ADRs receberão os pagamentos a partir de 27 de fevereiro de 2026 e a partir de 27 de março de 2026, respectivamente. 
Forma de distribuição:  A definição da forma de distribuição (se sob a forma de dividendos e/ou juros sobre capital próprio) ocorrerá até 11 de dezembro de 2025 e será tempestivamente comunicada ao mercado.  
Importante ressaltar que os valores de cada parcela serão atualizados pela variação da taxa Selic de 31 de dezembro de 2025 até a data de cada pagamento; e em caso de pagamento sob a forma de juros sobre capital próprio (JCP), incidirá imposto de renda, conforme legislação vigente. Por fim, esses proventos serão devidamente abatidos da remuneração aos acionistas a ser aprovada na Assembleia Geral Ordinária de 2026 relativa ao exercício de 2025.  
A Política de Remuneração aos Acionistas pode ser acessada pelo site da companhia (http://www.petrobras.com.br/ri)."
https://www.rad.cvm.gov.br/ENET/frmDownloadDocumento.aspx?Tela=ext&numSequencia=940826&numVersao=1&numProtocolo=1416114&descTipo=IPE&CodigoInstituicao=1,FATO_RELEVANTE,"Petrobras aprova novo Presidente do Conselho de Administração.
Rio de Janeiro, 21 de agosto de 2025 – A Petróleo Brasileiro S.A.- Petrobras, em continuidade ao Fato Relevante divulgado em 20/08/2025, informa que seu Conselho de Administração (CA), em reunião realizada hoje, aprovou o Conselheiro Bruno Moretti como novo Presidente do CA, nos termos do §2º do art. 18 do Estatuto Social, com mandato até a próxima Assembleia Geral. 
Bruno Moretti é formado em economia pela Universidade Federal Fluminense (UFF), possui mestrado em Economia da Indústria pela Universidade Federal do Rio de Janeiro (UFRJ), Doutorado em Sociologia pela Universidade de Brasília (UnB) e estágio pós-doutoral em Sociologia pela UnB. Atualmente, é doutorando em Desenvolvimento Econômico pela Unicamp. Iniciou sua carreira como Analista de Planejamento e Orçamento do Ministério do Planejamento, em 2004. Entre 2009 e 2012, foi Diretor da Secretaria de Planejamento e Investimentos Estratégicos. De 2013 a 2014 atuou como Assessor da Secretaria Executiva do Ministério do Planejamento e foi membro suplente do Conselho Deliberativo da Funpresp. Entre 2013 e 2015, atuou no Conselho de Administração e Conselho Fiscal do EBSERH. Foi Diretor e Secretário-Executivo Substituto da Secretaria Executiva do Ministério da Saúde, entre 2014 e 2015. De 2015 a 2016 atuou como Secretário-Executivo Adjunto da Casa-Civil da Presidência da República. Foi Assessor Técnico no Senado Federal, de Economia, infraestrutura, política fiscal e orçamento público entre 2017 e 2022. Atualmente é Secretário Especial de Análise Governamental da Presidência da República, Conselheiro de Administração da Petrobras e Membro do Comitê de Investimentos da Petrobras."
https://www.rad.cvm.gov.br/ENET/frmDownloadDocumento.aspx?Tela=ext&numSequencia=940248&numVersao=1&numProtocolo=1415536&descTipo=IPE&CodigoInstituicao=1,FATO_RELEVANTE,"Petrobras informa sobre Presidente do Conselho de Administração.
Rio de Janeiro, 20 de agosto de 2025 – A Petróleo Brasileiro S.A.- Petrobras, em continuidade ao Comunicado divulgado em 16/12/2024, informa que recebeu hoje a renúncia, com efeitos imediatos, do Presidente do Conselho de Administração da companhia, Pietro Adamo Sampaio Mendes, aos cargos de Presidente e membro do Conselho de Administração da Petrobras em razão de novos desafios profissionais. 
O Sr. Pietro Adamo Sampaio Mendes, ao renunciar, deixou seu agradecimento aos colegas de Conselho, aos membros da Diretoria Executiva liderados pela presidente Magda Chambriard e às equipes da Petrobras pela colaboração durante seu período à frente do Conselho de Administração e desejou sucesso a todos na caminhada que prossegue. 
O §2º do Art.18 do Estatuto Social da companhia prevê que o próprio Conselho de Administração pode eleger o substituto no caso de vacância do cargo de Presidente do Conselho, eleição válida até a próxima Assembleia Geral que vier a ocorrer. 
A Petrobras manterá o mercado informado sobre o tema.  "
https://www.rad.cvm.gov.br/ENET/frmDownloadDocumento.aspx?Tela=ext&numSequencia=899554&numVersao=1&numProtocolo=1374842&descTipo=IPE&CodigoInstituicao=1,COMUNICADO,"Petrobras informa sobre nova descoberta de petróleo na Bacia de Santos.
Rio de Janeiro, 9 de maio de 2025 - A Petróleo Brasileiro S.A. – Petrobras informa que identificou a presença de petróleo de excelente qualidade e sem contaminantes no pré-sal da Bacia de Santos, em poço exploratório no bloco Aram.   
O poço 3-BRSA-1396D-SPS está localizado a 248 km da cidade de Santos-SP, em profundidade d’água de 1.952 metros. A perfuração desse poço já foi concluída, tendo o intervalo portador de petróleo sido constatado através de perfis elétricos, indícios de gás e amostragem de fluido. 
O consórcio dará início às análises laboratoriais para caracterizar as condições dos reservatórios e fluidos encontrados, que permitirão avaliar o potencial da área. Além disso, serão perfurados mais dois poços e realizado um teste de formação como parte do Plano de Avaliação de Descoberta (PAD). 
O PAD tem prazo final em 2027 e atividades adicionais de aquisição de dados poderão ser realizadas, conforme planejamento e obrigações contratuais estabelecidas junto à Agência Nacional do Petróleo, Gás Natural e Biocombustíveis (ANP). 
O bloco Aram foi adquirido em março de 2020, na 6ª rodada de licitação da ANP, sob o regime de Partilha de Produção, tendo a Pré-Sal Petróleo S.A. (PPSA) como gestora. A Petrobras é a operadora do bloco e detém 80% de participação, em parceria com a empresa CNPC (20%)."
https://www.rad.cvm.gov.br/ENET/frmDownloadDocumento.aspx?Tela=ext&numSequencia=868751&numVersao=1&numProtocolo=1344025&descTipo=IPE&CodigoInstituicao=1,FATO_RELEVANTE,"Petrobras assina acordo para encerrar litígio com a EIG Energy nos Estados Unidos.
Rio de Janeiro, 07 de março de 2025 – A Petróleo Brasileiro S.A. – Petrobras informa, em continuidade aos comunicados de 31/03/2017 e 09/08/2022, que seu Conselho de Administração aprovou celebração de acordo para encerramento de pendência judicial com a EIG Energy Fund XIV, LP. e outros (EIG). O valor desta contingência está provisionado nas Demonstrações Financeiras da Petrobras e vem sendo atualizado desde 2022. 
O acordo não constitui reconhecimento de culpa ou de prática de atos irregulares pela Petrobras e atende aos melhores interesses da Companhia e de seus acionistas, tendo em vista as peculiaridades da legislação norte-americana, aplicável ao julgamento da causa, bem como o estágio processual e as características de litígios nas Cortes Federais dos Estados Unidos. 
A ação judicial foi proposta em face da Companhia perante a Corte Federal do Distrito de Columbia, nos Estados Unidos, e é relacionada ao investimento da EIG no FIP Sondas, ex-acionista da Sete Brasil Participações S.A. (Sete Brasil). 
Nos termos do acordo, a Petrobras pagará US$ 283 milhões, ao passo que a EIG pedirá o encerramento da ação e renunciará a qualquer direito relacionado à disputa. "
https://www.rad.cvm.gov.br/ENET/frmDownloadDocumento.aspx?Tela=ext&numSequencia=959294&numVersao=2&numProtocolo=1434582&descTipo=IPE&CodigoInstituicao=1,FATO_RELEVANTE,"A Companhia de Saneamento do Paraná – Sanepar (“Companhia”), em cumprimento à Resolução CVM nº 44/2021, informa a seus acionistas, investidores e ao mercado em geral que a Agepar, em Reunião de seu Conselho Diretor realizada nesta data, informou sobre solicitação de manifestação feita pelo Tribunal de Contas do Estado do Paraná – TCE-PR à Agência diante de questionamento formulado pela Associação Paranaense de Defesa dos Direitos do Consumidor – APDC ao TCE-PR, e ratificou a decisão do Conselheiro-Presidente da Agepar de adoção de medida cautelar para suspensão dos efeitos da previsão de compartilhamento de ganhos com recuperação de créditos fiscais, prevista no Manual de Revisão Tarifária dos Serviços de Saneamento Básico de Água e Esgoto e suas aplicações (Nota Técnica nº 7/2024 – AGEPAR – DRE/CSB), até manifestação final de mérito por parte do Conselho Diretor da Agepar. 
O Conselho Diretor da Agepar informou, ainda, que o objeto dos autos consiste em tema extenso e complexo que deve ser submetido à análise das áreas técnicas da Agência e que não houve tempo hábil para que tal providência fosse levada a efeito previamente ao decurso de prazo fornecido pelo TCE-PR. Assim, para evitar que fossem adotadas providências irreversíveis em relação à destinação dos valores abordados, determinou a adoção de medida cautelar supracitada. 
A Companhia informa que envidará todos os esforços para resguardar seus interesses e manterá o mercado informado sobre o tema."
https://www.rad.cvm.gov.br/ENET/frmDownloadDocumento.aspx?Tela=ext&numSequencia=974047&numVersao=1&numProtocolo=1449335&descTipo=IPE&CodigoInstituicao=1,COMUNICADO,"A Companhia de Saneamento do Paraná – Sanepar (“Companhia”), em cumprimento ao disposto nas resoluções da CVM, comunica a seus acionistas, investidores e ao mercado em geral que, na Reunião da Diretoria Executiva realizada nesta data, foi aprovado o Plano de Equacionamento do Déficit Técnico do Plano de Previdência - FusanPrev com data-base em 31 de dezembro de 2024. 
De acordo com a Lei Complementar Nº 109/2001, o resultado deficitário nos planos ou nas entidades fechadas deve ser equacionado por patrocinadores, participantes e assistidos, na proporção existente entre as suas contribuições. 
Em respeito à Resolução CNPC nº 30/2018, o início do Plano de Equacionamento deverá ser até o início de vigência do plano de custeio estabelecido pela avaliação atuarial de encerramento de exercício em que se deu a aprovação do referido plano de equacionamento, qual seja, abril de 2026. 
O montante total a ser equacionado é da ordem de R$ 83,7 milhões, sendo de responsabilidade da Companhia o valor de R$ 41,2 milhões, em valores de 31/12/2024, a ser pago em parcelas mensais e sucessivas, iniciando-se em abril de 2026 e finalizando em fevereiro de 2038. O valor da parcela mensal da Patrocinadora é de aproximadamente R$ 288 mil, acrescido de juros atuariais e atualização monetária pelo INPC/IBGE. 
Destaca-se que há provisão contábil no Balanço Patrimonial da Companhia referente ao Plano de Previdência - FusanPrev que contempla o déficit apurado no encerramento do ano de 2024."
https://www.rad.cvm.gov.br/ENET/frmDownloadDocumento.aspx?Tela=ext&numSequencia=889829&numVersao=1&numProtocolo=1365103&descTipo=IPE&CodigoInstituicao=1,FATO_RELEVANTE,"A Companhia de Saneamento do Paraná – Sanepar (“Companhia”) em cumprimento ao disposto na Resolução CVM nº 44/2021 e em continuidade ao Fato Relevante de 20 de março de 2025, informa a seus acionistas, investidores e ao mercado em geral, que o Conselho de Administração em sua 10ª Reunião Extraordinária, realizada nesta data, considerando a publicação, em 10 de abril de 2025, da Lei Orçamentária Anual da União de 2025 (LOA 2025), Lei 15.121/2025, aprovou o registro contábil e recolhimento dos  tributos por ocasião do registro da receita auferida, relativo ao Processo da Ação Judicial movida contra a União sobre Imunidade Tributária Recíproca de IRPJ-Imposto de Renda Pessoa Jurídica, precatório nº 1189180920244019198. 
O registro contábil supra mencionado envolve lançamentos no ativo, passivo e resultado, entre outros: (i) ao reconhecimento da receita; (ii) constituição de passivo regulatório referente ao compartilhamento em favor da modicidade tarifária atualmente definido pela Agência Reguladora de Serviços Públicos Delegados do Paraná (Agepar); (iii) provisão de honorários advocatícios e; (iv) recolhimento de Tributos; destacando que tais registros se encontram em fase de elaboração pela Administração visando sua publicação por ocasião da divulgação das Demonstrações Contábeis Intermediárias do 1º Trimestre de 2025. 
Em relação aos demais andamentos relativos ao processo, reiteramos que: 
I. Ainda não há cronograma estabelecido para o recebimento pela Companhia dos benefícios econômicos (entrada de recursos) originários do precatório; 
II. A Companhia enviou ofício à Agepar, em 20 de março de 2025, solicitando tratamento regulatório específico em relação à ação de imunidade tributária (oriunda da ação originária nº 0008066- 96.1994.4.01.3400 e do cumprimento de sentença nº 1074228-74.2022.4.01.3400, ambas da 21ª Vara Federal Cível da Seção Judiciária do Distrito Federal), diante do caráter excepcional do tema. 
A Companhia manterá o mercado informado sobre o andamento deste processo."
https://www.rad.cvm.gov.br/ENET/frmDownloadDocumento.aspx?Tela=ext&numSequencia=864116&numVersao=1&numProtocolo=1339390&descTipo=IPE&CodigoInstituicao=1,FATO_RELEVANTE,"A Companhia de Saneamento do Paraná – Sanepar (“Companhia”), em cumprimento ao disposto na Resolução CVM nº 44/2021, e em continuidade aos Comunicados ao Mercado de 18 de dezembro de 2024 e 27 de janeiro de 2025, comunica a seus acionistas, investidores e ao mercado em geral que o Conselho Diretor da Agência Reguladora de Serviços Públicos Delegados do Paraná (Agepar), em reunião realizada nesta data, tornou pública a análise das contribuições recebidas na Consulta Pública nº 11/2024 e informou a respeito da Audiência Pública, a ser realizada em 13 de março de 2025, às 10h00, sobre a Nota Técnica DRE/CSB nº 003/2025, que se refere à aplicação preliminar das metodologias de cálculo tarifário para a 3ª Revisão Tarifária Periódica dos serviços de água e esgoto da Sanepar. 
O Conselho Diretor da Agepar divulgou a tarifa média preliminar para os serviços de água e esgoto, que resultou em R$ 6,89/m³ (seis reais e oitenta e nove centavos por metro cúbico), e o índice de correção de 4,6969%, calculado preliminarmente, a ser aplicado de forma linear em toda a estrutura tarifária da Sanepar atualmente vigente. 
A Companhia manterá o mercado informado sobre o andamento do tema. "
https://www.rad.cvm.gov.br/ENET/frmDownloadDocumento.aspx?Tela=ext&numSequencia=941615&numVersao=1&numProtocolo=1416903&descTipo=IPE&CodigoInstituicao=1,COMUNICADO,"8ª EMISSÃO DE DEBÊNTURES PARA RESGATE ANTECIPADO DAS DEBÊNTURES DA 6ª EMISSÃO.
ITAÚSA S.A. (“Itaúsa”) (B3: ITSA3, ITSA4) comunica que, em continuidade à estratégia de gestão de passivos e desalavancagem iniciada ao final de 2022, provou a 8ª Emissão de Debêntures, não conversíveis em ações, no montante de R$ 1,0 bilhão (“8ª Emissão”). Os recursos da 8ª Emissão, somados a R$ 250 milhões de recursos próprios, serão utilizados para o resgate antecipado da totalidade das debêntures da 6ª Emissão da Itaúsa (“6ª Emissão”), no valor de R$ 1,25 bilhão (“Refinanciamento”). 
A 6ª Emissão, que será resgatada, possui amortizações em 2029, 2030 e 2031, e custo de CDI+1,37% ao ano. A 8ª Emissão tem prazo de vencimento final de 10 anos, com amortizações em 2032, 2033, 2034 e 2035, e custo de CDI+0,6% ao ano, o que permite uma relevante redução do custo da dívida associada ao alongamento do prazo médio de vencimento.  
O Refinanciamento reforça a nossa disciplina financeira e perfil conservador e, em conjunto com o resgate antecipado das debêntures da 4ª Emissão anunciado em 30 de junho de 2025, permitirá à Itaúsa: (i) reduzir o custo médio da dívida para CDI+1,1% ao ano; (ii) reduzir as amortizações entre 2029 e 2031; (iii) alongar o perfil da dívida e prazo médio de vencimento; e (iv) reduzir a dívida bruta em mais de 30% em relação a 31 de dezembro de 2024. 
Nossos movimentos estratégicos de gestão de passivos refletem o compromisso da Itaúsa com a alocação eficiente de capital e criação de valor aos cionistas. 
São Paulo (SP), 25 de agosto de 2025. "
https://www.rad.cvm.gov.br/ENET/frmDownloadDocumento.aspx?Tela=ext&numSequencia=936222&numVersao=1&numProtocolo=1411510&descTipo=IPE&CodigoInstituicao=1,COMUNICADO,"Os membros efetivos do Conselho Fiscal da Itausa S.A. (“Itaúsa”), consoante inciso VI, do artigo 163, da Lei 6.404/76, procederam à análise das emonstrações contábeis intermediárias, individuais e consolidadas, referentes ao trimestre findo em 30.06.2025 (“Demonstrações do 2º trimestre/2025”), elaboradas conforme as normas contábeis e regulamentação da CVM aplicáveis, que foram revisadas pela BDO RCS Auditores Independentes S/S Ltda. (“BDO”), na qualidade de auditores independentes da Itaúsa para fins regulatórios, e pela PricewaterhouseCoopers Auditores Independentes Ltda. (“PwC”), na qualidade de auditores independentes da Itaúsa para fins de governança. 
Verificada a exatidão de todos os elementos apreciados e considerando (i) os esclarecimentos prestados pela administração da Itaúsa; (ii) a recomendação favorável do Comitê de Auditoria; e (iii) os relatórios da BDO e da PwC sobre a revisão dessas Demonstrações do 2º trimestre/2025, emitidos sem ressalvas, os membros efetivos do Conselho Fiscal não tiveram conhecimento de nenhum fato ou evidência que indique que as informações incluídas nas demonstrações contábeis intermediárias e nas correspondentes notas explicativas, relativas ao trimestre encerrado no período, não estejam em condições de serem divulgadas. São Paulo (SP), 11 de agosto de 2025. (aa) Guilherme Tadeu Pereira Júnior – Presidente; Elaine Maria de Souza Funo, Lucianna Raffaini Carvalho Costa, Michael Gordon Findlay e Vagner Lacerda Ribeiro – Conselheiros."
https://www.rad.cvm.gov.br/ENET/frmDownloadDocumento.aspx?Tela=ext&numSequencia=919888&numVersao=1&numProtocolo=1395176&descTipo=IPE&CodigoInstituicao=1,FATO_RELEVANTE,"RESGATE ANTECIPADO DAS DEBÊNTURES DA 2ª SÉRIE DA 4ª EMISSÃO.
ITAÚSA S.A. (“Companhia” ou “Itaúsa”) (B3: ITSA3, ITSA4) comunica que, em continuidade à estratégia de desalavancagem iniciada ao final de 2022, realizará o resgate antecipado da totalidade das debêntures da 2ª série da 4ª emissão, no valor de R$ 1,25 bilhão, acrescido da remuneração e do prêmio, conforme termos definidos na escritura de emissão celebrada em 31 de maio de 2021.  
O resgate antecipado será realizado em 15 de julho de 2025, mediante comunicação prévia aos debenturistas e demais agentes, em atendimento ao disposto na escritura de emissão, com desembolso total de aproximadamente R$ 1,3 bilhão. Para o resgate, serão utilizados os recursos obtidos no aumento de capital, concluído em maio deste ano, que visou reforçar o caixa da Companhia e ampliar o nível de liquidez. 
A série que será resgatada possui amortizações iguais em 2029, 2030 e 2031, e custo de CDI+2,0% ao ano. O pré-pagamento permitirá à Itaúsa reduzir o custo médio das suas dívidas de CDI+1,54% para CDI+1,37% ao ano e a dívida bruta em aproximadamente 30%.  
O resgate antecipado faz parte da estratégia de gestão de passivos da Itaúsa, reforçando sua disciplina financeira e perfil conservador, conferindo à Companhia após a conclusão da operação: (i) diminuição do endividamento bruto, do custo médio da dívida e das despesas financeiras; (ii) redução da concentração de amortização em 2029, 2030 e 2031; e (iii) redução do risco de refinanciamento e preservação dos níveis de liquidez."
https://www.rad.cvm.gov.br/ENET/frmDownloadDocumento.aspx?Tela=ext&numSequencia=941217&numVersao=1&numProtocolo=1416505&descTipo=IPE&CodigoInstituicao=1,FATO_RELEVANTE,"A KLABIN S.A. (“Klabin” ou “Companhia”), para os fins da Resolução da Comissão de Valores Mobiliários (“CVM”) n.º 44, de 23 de agosto de 2021, conforme alterada, informa aos seus acionistas e ao mercado em geral, em continuidade ao Fato Relevante divulgado em 23 de julho de 2025 (acesse aqui), o encerramento da oferta da sua 1ª (primeira) emissão de cédulas de produto rural com liquidação financeira, escriturais, em até 2 (duas) séries, com valor nominal unitário de R$ 1.000,00 (mil reais), perfazendo o montante total de R$ 1.500.000.000,00 (um bilhão e quinhentos milhões de reais) (“CPR-Fs” e “Emissão”, respectivamente), nos termos do instrumento particular de “Termos e Condições da 1ª (Primeira) Emissão de Cédulas de Produto 
Rural com Liquidação Financeira, Escriturais, em 2 (Duas) Séries, para Distribuição Pública, sob Rito de Registro Automático de Distribuição da Klabin S.A.”, celebrado em 23 de julho de 2025, entre a Companhia e a Oliveira Trust Distribuidora de Títulos e Valores Mobiliários S.A., na qualidade de agente de CPR-F representando a comunhão dos titulares das CPR-Fs (“Termo de Emissão”). 
As CPR-Fs de ambas as séries foram objeto de distribuição pública, sob o rito de registro automático, destinada ao público investidor em geral, sob a intermediação de instituições integrantes do sistema de distribuição de valores mobiliários, nos termos da Resolução da CVM nº 160, de 13 de julho de 2022, conforme alterada (“Oferta”). 
No âmbito da Oferta de ambas as séries, foi realizado o procedimento de coleta de intenções de investimento, com recebimento de reservas dos investidores, sem lotes mínimos ou máximos, conduzido pelos coordenadores da Oferta, para definição da taxa final da remuneração de cada série e da quantidade de CPR-Fs a serem alocadas em cada série (“Procedimento de Bookbuilding”), observado o sistema de vasos comunicantes e a alocação mínima prevista para as CPR-Fs Primeira Série, correspondente a 250.000 (duzentas e cinquenta mil) CPR-Fs Primeira Série, perfazendo o montante total de R$ 250.000.000,00 (duzentas e cinquenta milhões de reais). 
Condições da Primeira Série: 
Foram emitidas 300.000 (trezentas mil) CPR-Fs da Primeira Série, com Valor Nominal Unitário de R$ 1.000,00 (mil reais), perfazendo o montante total de R$ 300.000.000,00 (trezentos milhões de reais). A Primeira Série das CPR-Fs tem prazo de 7 (sete) anos, com vencimento em 15 de agosto de 2032. Sobre o valor nominal unitário incidirão juros remuneratórios equivalentes a 95,50% (noventa e cinco inteiros e cinquenta centésimos por cento) da Taxa DI, base 252 dias úteis, calculados de forma exponencial e cumulativa pro rata temporis. Não haverá atualização monetária. O pagamento dos juros será realizado semestralmente, nos dias 15 de fevereiro e 15 de agosto de cada ano, e a amortização do valor nominal ocorrerá em parcela única na data de vencimento. A liquidação será exclusivamente financeira, sem garantias reais ou fidejussórias. 
Condições da Segunda Série: 
Foram emitidas 1.200.000 (um milhão e duzentas mil) CPR-Fs da Segunda Série, com Valor Nominal Unitário de R$ 1.000,00 (mil reais), perfazendo o montante total de R$ 1.200.000.000,00 (um bilhão e duzentos milhões de reais). A Segunda Série das CPR-Fs tem prazo de 10 (dez) anos, com vencimento em 15 de agosto de 2035. Sobre o valor nominal unitário atualizado incidirão juros remuneratórios equivalentes 7,1596% (sete inteiros e mil quinhentos e noventa e seis décimos de milésimo por cento). O valor nominal será atualizado monetariamente pelo Índice Nacional de Preços ao Consumidor Amplo (IPCA), calculado pro rata temporis. O pagamento dos juros remuneratórios será realizado semestralmente, nos dias 15 de fevereiro e 15 de agosto de cada ano, e a amortização do valor nominal atualizado ocorrerá em parcela única na data de vencimento. A liquidação será exclusivamente financeira, sem garantias reais ou fidejussórias. 
Os recursos desta Oferta serão direcionados para atividades do objeto social da Companhia, incluindo, mas não se limitando a atividades de produção, beneficiamento ou industrialização de produtos relacionados à silvicultura e à agricultura, inclusive florestamento e reflorestamento.  
A ata de Reunião do Conselho de Administração da Companhia que aprovou os termos e condições da Emissão, bem como as demais informações acerca da Emissão e da Oferta, está disponível para consulta no site da Companhia (ri.klabin.com.br) e da CVM (cvm.gov.br). 
A Klabin manterá seus acionistas e o mercado em geral informados sobre a existência de novos desdobramentos relevantes vinculados à Emissão. 
Este Fato Relevante tem caráter exclusivamente informativo, nos termos da regulamentação em vigor, e não constitui e nem deve ser interpretado como qualquer esforço de venda da Emissão."
https://www.rad.cvm.gov.br/ENET/frmDownloadDocumento.aspx?Tela=ext&numSequencia=939639&numVersao=1&numProtocolo=1414927&descTipo=IPE&CodigoInstituicao=1,COMUNICADO,"A Klabin S.A. (""Klabin"" ou ""Companhia""), em continuidade aos Fatos Relevantes de 29 de outubro de 2024 (clique aqui para acessar) e de 3 de fevereiro de 2025 (clique aqui para acessar) e ao Comunicado ao Mercado de 30 de junho de 2025 (clique aqui para acessar), informa aos seus acionistas e ao mercado em geral que celebrou, na data de hoje, acordos com o BTG Pactual Timberland Investment Group  (“TIMO” ou “BTG Pactual TIG”) e a British Columbia Investment Management Corporation (“BCI”), um dos maiores investidores institucionais do Canadá, com o propósito de que o BCI e o BTG Pactual TIG realizem os aportes adicionais nas SPEs do Projeto Plateau (“Projeto”).  
Os aportes adicionais, que somam R$ 1,2 bilhão, deverão ser realizados até o final do quarto trimestre de 2025 e estarão sujeitos a eventuais ajustes, nos termos dos acordos. 
A realização dos aportes adicionais está sujeita a condições precedentes usuais, incluindo a aprovação pelas autoridades regulatórias competentes.  
Considerando os referidos aportes, a Klabin alcançará o montante de R$ 2,7 bilhões no âmbito do Projeto Plateau, conforme anunciado originalmente em outubro de 2024. Este movimento reforça o compromisso da Companhia com a disciplina na alocação de capital, a redução da alavancagem e a otimização do ROIC, consolidando a criação de valor sustentável para todos os seus stakeholders."
https://www.rad.cvm.gov.br/ENET/frmDownloadDocumento.aspx?Tela=ext&numSequencia=928181&numVersao=1&numProtocolo=1403469&descTipo=IPE&CodigoInstituicao=1,FATO_RELEVANTE,"A KLABIN S.A. (“Klabin” ou “Companhia”), para os fins da Resolução CVM n.º 44, de 23 de agosto de 2021, conforme alterada, informa aos seus acionistas e ao mercado em geral que seu Conselho de Administração aprovou, em reunião realizada no dia 23 de julho de 2025, a realização da sua 1ª (primeira) emissão de cédulas de produto rural com liquidação financeira, escriturais, em até 2 (duas) séries, com valor nominal unitário de R$ 1.000,00 (mil reais), perfazendo o montante total de R$ 1.500.000.000,00 (um bilhão e quinhentos milhões de reais) (“CPR-Fs” e “Emissão”, respectivamente), nos termos do ""Termos e Condições da 1ª (Primeira) Emissão de Cédulas de Produto Rural com Liquidação Financeira, Escriturais, em 2 (Duas) Séries, para Distribuição Pública, sob o Rito de Registro Automático de Distribuição da Klabin S.A."", celebrado em 23 de julho de 2025, entre a Companhia e a Oliveira Trust Distribuidora de Títulos e Valores Mobiliários S.A., na qualidade de agente de CPR-F representando a comunhão dos titulares das CPR-Fs (“Termo de Emissão”). 
As CPR-Fs de ambas as séries serão objeto de distribuição pública, sob o rito de registro automático, destinada ao público investidor em geral, com intermediação de instituições integrantes do sistema de distribuição de valores mobiliários, conforme a Resolução CVM nº 160, de 13 de julho de 2022, conforme alterada (“Oferta”). 
Condições da Primeira Série: 
A Primeira Série das CPR-Fs terá prazo de 7 (sete) anos, com vencimento em 15 de agosto de 2032. Sobre o valor nominal unitário incidirão juros remuneratórios, a serem definido em Procedimento de Bookbuilding (conforme definido abaixo), limitados a 95,50% da Taxa DI, base 252 dias úteis, calculados de forma exponencial e cumulativa pro rata temporis. Não haverá atualização monetária. O pagamento dos juros será realizado semestralmente, nos dias 15 de fevereiro e 15 de agosto de cada ano, e a amortização do valor nominal ocorrerá em parcela única na data de vencimento. A liquidação será exclusivamente financeira, sem garantias reais ou fidejussórias. 
Condições da Segunda Série: 
A Segunda Série das CPR-Fs terá prazo de 10 (dez) anos, com vencimento em 15 de agosto de 2035. Sobre o valor nominal unitário atualizado incidirão juros remuneratórios, a serem definido em Procedimento de Bookbuilding, equivalentes à maior taxa entre: (i) a taxa interna de retorno do Tesouro IPCA+ com Juros Semestrais (NTN-B 2035), acrescida exponencialmente de uma taxa negativa de -0,40% ao ano, ou (ii) 6,90% ao ano, base 252 dias úteis, calculados de forma exponencial e cumulativa pro rata temporis. O valor nominal será atualizado monetariamente pelo Índice Nacional de Preços ao Consumidor Amplo (IPCA), calculado pro rata temporis. O pagamento dos juros remuneratórios será realizado semestralmente, nos dias 15 de fevereiro e 15 de agosto de cada ano, e a amortização do valor nominal atualizado ocorrerá em parcela única 1 na data de vencimento. A liquidação será exclusivamente financeira, sem garantias reais ou fidejussórias. 
Ademais, no âmbito da Oferta de ambas as séries, será realizado procedimento de coleta de intenções de investimento, com recebimento de reservas dos investidores, sem lotes mínimos ou máximos, conduzido pelos coordenadores da Oferta, para definição da taxa final da remuneração de cada série e da quantidade de CPR-Fs a serem alocadas em cada série (“Procedimento de Bookbuilding”), observado o sistema de vasos comunicantes e a alocação mínima prevista para as CPR-Fs Primeira Série correspondente a 250.000 (duzentas e cinquenta mil) CPR-Fs Primeira Série, equivalentes a R$250.000.000,00 (duzentos e cinquenta milhões de reais). 
Os recursos desta Oferta serão direcionados para atividades do seu objeto social, incluindo, mas não se limitando a atividades de produção, beneficiamento ou industrialização de produtos relacionados à silvicultura e à agricultura, inclusive florestamento e reflorestamento. 
A conclusão da Oferta está sujeita ao atendimento de determinadas condições precedentes, conforme previstas nos documentos da Emissão. 
A ata da Reunião do Conselho de Administração da Companhia que aprovou os termos e condições da Emissão, bem como as demais informações acerca da Emissão e da Oferta, está disponível para consulta no site da Companhia (ri.klabin.com.br) e da CVM (cvm.gov.br).  
A Klabin manterá seus acionistas e o mercado em geral informados sobre a existência de novos desdobramentos relevantes vinculados à Emissão. 
Este Fato Relevante tem caráter exclusivamente informativo, nos termos da regulamentação em vigor, e não constitui e nem deve ser interpretado como qualquer esforço de venda da Emissão.  "
https://www.rad.cvm.gov.br/ENET/frmDownloadDocumento.aspx?Tela=ext&numSequencia=954670&numVersao=1&numProtocolo=1429958&descTipo=IPE&CodigoInstituicao=1,COMUNICADO,"A Transmissora Aliança de Energia Elétrica S.A. (B3: TAEE3, TAEE4 e TAEE11)  (“TAESA” ou “Companhia”) vem, com base no artigo 12 da Resolução CVM nº44, de 23 de agosto de 2021, informar aos seus acionistas, ao mercado em geral e demais interessados que, em 3 de outubro de 2025, recebeu correspondência enviada pela BlackRock, Inc. (“BlackRock”) informando que aumentou sua participação na Companhia e em 1º de outubro de 2025 passou a deter 22.158.456 (vinte e dois milhões, cento e cinquenta e oito mil, quatrocentos e cinquenta e seis) ações preferenciais da Companhia, representando 5,004% do total de ações preferenciais, e 2.369.743 instrumentos financeiros derivativos referenciados em ações preferenciais com liquidação financeira, representando aproximadamente 0,535% do total de ações preferenciais emitidas pela Companhia.  
Conforme consta da correspondência recebida, a BlackRock declara que: 
a) o objetivo das participações societárias acima mencionadas é estritamente de investimento, não objetivando alteração do controle acionário ou da estrutura administrativa da Companhia; e 
b) não foram celebrados, pela BlackRock, quaisquer contratos ou acordos que regulem o exercício de direito de voto ou a compra e venda de valores mobiliários emitidos pela Companhia.  
A íntegra da correspondência encontra-se anexa a este comunicado.  "
https://www.rad.cvm.gov.br/ENET/frmDownloadDocumento.aspx?Tela=ext&numSequencia=906727&numVersao=1&numProtocolo=1382015&descTipo=IPE&CodigoInstituicao=1,COMUNICADO,"A Transmissora Aliança de Energia Elétrica S.A. (B3: TAEE3, TAEE4 e TAEE11) (“TAESA” ou “Companhia”) vem a público informar aos seus acionistas e ao mercado em geral que o Sr. Fábio Antunes Fernandes apresentou hoje, 22 de maio de 2025, a sua carta de renúncia ao cargo de Diretor de Negócios com efeito imediato. 
O Conselho de Administração da Companhia, em reunião realizada na mesma data, elegeu Mauricio Dall'Agnese como novo Diretor de Negócios, com posse a partir de amanhã, 23 de maio, conforme mandato definido nos termos do Estatuto Social.  
O Sr. Mauricio é formado em Economia pela Universidade de São Paulo, com cursos na New York University (EUA) e no IESE (Espanha).  Liderou equipes no Brasil e nos Estados Unidos de fusões e aquisições, expansão corporativa, desenvolvimento de projetos, gestão de participações, planejamento financeiro, gestão regulatória, comercialização de energia, meio ambiente, sustentabilidade, estratégia e inovação.  No setor elétrico, o Sr. Mauricio possui experiência nos segmentos de transmissão, distribuição, geração e comercialização de energia, e distribuição de gás com atuação em diversas empresas, como Cemig, ISA Energia, Vale, Aliança, Belo Monte, entre outras. 
A Companhia e seu Conselho de Administração agradecem ao Sr. Fábio pelos 15 anos de dedicação e relevantes serviços em prol da Companhia e de todos os seus colaboradores. Sua liderança e contribuições foram fundamentais para o crescimento alcançado pela TAESA durante esse período."
https://www.rad.cvm.gov.br/ENET/frmDownloadDocumento.aspx?Tela=ext&numSequencia=976670&numVersao=1&numProtocolo=1451958&descTipo=IPE&CodigoInstituicao=1,FATO_RELEVANTE,"A EMBRAER S.A. (“Companhia”), em cumprimento ao disposto no artigo 157, §4º da Lei 6.404 de 15 de dezembro de 1976, conforme alterada (“Lei das Sociedades por Ações”), bem como na Resolução nº 44, de 23 de agosto de 2021, conforme alterada, e na Resolução CVM nº 77, de 29 de março de 2022 (“Resolução CVM 77”), informa a seus acionistas e ao mercado em geral que o programa de recompra de ações aprovado pelo Conselho de Administração em 6 de novembro de 2025 (“Programa de Recompra”) foi concluído nesta data, em razão da aquisição da totalidade das ações ordinárias previstas no Programa de Recompra. 
O Programa de Recompra tinha por objetivo a aquisição de ações ordinárias de emissão da Companhia para permanência em tesouraria, cancelamento ou posterior alienação, bem como para atender compromissos assumidos no âmbito de planos de remuneração baseados em ações. O prazo de vigência do Programa era de 12 (doze) meses, com término previsto para 6 de novembro de 2026, sendo encerrado antecipadamente nesta data. 
Durante a execução do Programa de Recompra, foram adquiridas 10.800.000 (dez milhões, oitocentas mil) ações ordinárias de emissão da Companhia, respeitados os limites legais e regulamentares, utilizando exclusivamente recursos disponíveis, conforme previsto na Resolução CVM 77. 
A Companhia reitera que as operações realizadas no âmbito do Programa de Recompra não acarretaram impactos sobre sua estrutura acionária ou administrativa e que sua situação financeira permaneceu compatível com a execução das aquisições, sem prejuízo ao cumprimento das obrigações assumidas com credores. "